<?xml version="1.0" encoding="UTF-8"?>
<project-private xmlns="http://www.netbeans.org/ns/project-private/1">
    <editor-bookmarks xmlns="http://www.netbeans.org/ns/editor-bookmarks/2" lastBookmarkId="0"/>
    <open-files xmlns="http://www.netbeans.org/ns/projectui-open-files/2">
        <group>
            <file>file:/D:/Java3/Lession7/Lab7/src/lab7/Bai2Client.java</file>
            <file>file:/D:/Java3/Lession7/Lab7/src/lab7/Bai1Service.java</file>
            <file>file:/D:/Java3/Lession7/Lab7/src/lab7/Bai2Server.java</file>
            <file>file:/D:/Java3/Lession7/Lab7/src/lab7/Bai1Client.java</file>
        </group>
    </open-files>
</project-private>
