<?xml version="1.0" encoding="UTF-8"?>
<project-private xmlns="http://www.netbeans.org/ns/project-private/1">
    <editor-bookmarks xmlns="http://www.netbeans.org/ns/editor-bookmarks/2" lastBookmarkId="0"/>
    <open-files xmlns="http://www.netbeans.org/ns/projectui-open-files/2">
        <group>
            <file>file:/D:/Java3/New%20folder/ASM/src/Login/Login.java</file>
            <file>file:/D:/Java3/New%20folder/ASM/src/asm2/QLSinhVien.java</file>
            <file>file:/D:/Java3/New%20folder/ASM/src/Login/LoginView.java</file>
            <file>file:/D:/Java3/New%20folder/ASM/src/Login/Login_Service.java</file>
            <file>file:/D:/Java3/New%20folder/ASM/src/asm/QuanLyDiemView.java</file>
            <file>file:/D:/Java3/New%20folder/ASM/src/asm2/QuanLyDiem.java</file>
            <file>file:/D:/Java3/New%20folder/ASM/src/asm/Diem.java</file>
        </group>
    </open-files>
</project-private>
